{
    "Weather": {
        "ate": -35.839973988988675,
        "ate_std": 7.719276570879397,
        "ci_lower": -44.74558775914147,
        "ci_upper": -26.934360218835867,
        "nuisance_scores": {
            "y_r2": -0.11790434083362929,
            "t_r2": -0.11217678070184425
        },
        "success": true
    },
    "Social_Media": {
        "ate": 0.2283102519604418,
        "ate_std": 0.25026305539109106,
        "ci_lower": -0.02116225394127726,
        "ci_upper": 0.47778275786216073,
        "nuisance_scores": {
            "y_r2": 0.5571129958957587,
            "t_r2": -0.028358333939810153
        },
        "success": true
    },
    "Competitor": {
        "ate": -45.12808152505463,
        "ate_std": 8.67148217610325,
        "ci_lower": -57.69448085272925,
        "ci_upper": -32.56168219738001,
        "nuisance_scores": {
            "y_r2": 0.22537538598655277,
            "t_r2": 0.2775959804044255
        },
        "success": true
    }
}