{
    "transfer_entropy": {
        "Foot_Traffic \u2192 Weather": 0.04582913535616447,
        "Social_Media \u2192 Weather": 0.04582913535616447,
        "Sales \u2192 Weather": 0.04582913535616447,
        "Competitor \u2192 Weather": 0.04582913535616447,
        "Weather \u2192 Foot_Traffic": 0.6727633991213761,
        "Social_Media \u2192 Foot_Traffic": 0.6727633991213761,
        "Sales \u2192 Foot_Traffic": 0.6727633991213761,
        "Competitor \u2192 Foot_Traffic": 0.6727633991213761,
        "Weather \u2192 Sales": 0.22273045816516734,
        "Foot_Traffic \u2192 Sales": 0.22273045816516734,
        "Social_Media \u2192 Sales": 0.22273045816516734,
        "Competitor \u2192 Sales": 0.22273045816516734,
        "Weather \u2192 Competitor": 0.01687398326091291,
        "Foot_Traffic \u2192 Competitor": 0.01687398326091291,
        "Social_Media \u2192 Competitor": 0.01687398326091291,
        "Sales \u2192 Competitor": 0.01687398326091291
    }
}